username|password|displayName|status|identifier
admin|admin|admin|admin|ehyxccqfugqXgM6Q7QXKPChO3iPffF8o
adriangwapoz|adriangwapoz|Adrian Seth Tabotabo|user|tangina
Username0|GJK9L|Display Name 0|admin|1KaLmIg2kB7fZp5Tm1qbi6dss92C31aP
Username1|7ShEk|Display Name 1|admin|k7DMPDONXrwD2yVLZrHBio74sokyOsSq
Username2|E9nQm|Display Name 2|user|nbOllc0g8G8rUSNMnTY8kzx71zWMKbM1
Username3|YpykW|Display Name 3|user|B3LNU2WvkjdhMBYIiPYQUt7b1TLndDrf
Username4|mSGXh|Display Name 4|user|KtcgpmryjiPijFLGu9WMuIbGLO4jW1PG
Username5|RIcEu|Display Name 5|user|NinNDyt7cx0ZdQpb8svYiQ7vchZ3VTly
Username6|2k05G|Display Name 6|user|Sqd7cvBMAAQY9YVW1lK8pUeed2QMyblv
Username7|PMTMw|Display Name 7|user|zn5XS2X1w6evXF4J3D3qtC342jLk4Pu1
Username8|ZUxjz|Display Name 8|admin|PY5BaNSShTXjSJFrPa1HHLSOv8m3EKtG
Username9|FK88G|Display Name 9|admin|bsUizjqxcYUv0IK91R0NyQVEbR808hDq
Username10|V3Cxa|Display Name 10|admin|voNidDMOgIUGJ1uvZQ3pebCSjCwLBcHX
Username11|Ro4cO|Display Name 11|admin|tDcVDhL8Swmsad0fkKexT5ewRfaQ2dw5
Username12|8DAUU|Display Name 12|admin|WcZrCaGnaKt8EUt2pchPEiZIk1PDcVVx
Username13|WS1Jy|Display Name 13|admin|sR3blYOC4I05TZDLGes4BqTADYrwg5xH
Username14|CrGHi|Display Name 14|admin|edYhHXiOujq9ex8B26YlnicO5gbLV9jA
Username15|ZHf7O|Display Name 15|admin|v5LxnxEmhZkykUuFvaxDDrpXgZq1IIBx
Username16|Z6NHu|Display Name 16|user|EPnqmVJpYZ8mJIlSIJ0dZP382VBaEQdY
Username17|tDsRH|Display Name 17|user|0Z0aFZXOOp4dvMRJgzSikZRgpedtvdYc
Username18|lXMM8|Display Name 18|admin|db2liRBDDd8gVSLEQD2fA8uZn2HRhCHU
Username19|aug1z|Display Name 19|admin|TbIM4GhPz3OSZGI5IjnfGAQhKZjRKNC5
Username20|INJoO|Display Name 20|user|s6nyDR1n3G9Dvcdzqdzbzbfm6yGRWI4K
Username21|KAYck|Display Name 21|user|jKN3w5g5XCAVLRcuNG01HTBrKudueP5W
Username22|9a86I|Display Name 22|admin|BoJq0fXLoqBAqKSEYW17PCv3bZgkmU6r
Username23|pxZiv|Display Name 23|admin|87SP6Yap7Pi8A044lzM9SHBWbfYqNuyI
Username24|DoBSY|Display Name 24|user|zn57ve2LRCJMwDYbiup1tbjNn6GVmzhD
Username25|Rxzzj|Display Name 25|user|gbC4kK3jfLF8sJstcKtLatqxjcMoIxZa
Username26|RuzMJ|Display Name 26|user|3EFG4XrkKKjHoT0hjW6OMWJdAmsHGbyt
Username27|Gz8jn|Display Name 27|admin|SbDg2SWnDtU4g6Z26ObyMAxOAzKvsJWu
Username28|TQtu5|Display Name 28|user|LSQzKc2WjG4eoRTtIe3G2ceYdAy4srxU
Username29|ulobI|Display Name 29|user|Zgyv9mrecwT0rdwpKeUimunULJZzp1Gc
Username30|VIKSS|Display Name 30|admin|UZvU3QLv8Vevm3KYQhvnZHWfTUyCC9Rm
Username31|U0GWl|Display Name 31|user|IxIihN9TPxvXViQDFc0dQ3spZbRwyQ1q
Username32|NwxpW|Display Name 32|user|2ch58GAWt6oclUDB39BEOlKBUQDkWcPq
Username33|mXjxg|Display Name 33|user|kpc3WsmVWZM0kl936FUBoNCIUsxEwW7u
Username34|3rPi0|Display Name 34|admin|mGrShanm9hEp1AbW3s5fv5uSDcBgc799
Username35|2I8UN|Display Name 35|user|OnufzoUqRkTFZBpThOAiW0B6oJaVC1UO
Username36|F5G0M|Display Name 36|user|fxDaVT6g8A5XUlEVdpVWWV0AIAqhgI9g
Username37|42hfT|Display Name 37|user|X6gkO1KxQoZ37F5DqiUlLuzHsOIdVwKj
Username38|PjncU|Display Name 38|admin|U03qZKYqB51sTXAEhCJhnLrItAcMKA9U
Username39|ADiwt|Display Name 39|user|mFodb458uUZv3U4nFOegN43KqWf25weW
Username40|MAhfV|Display Name 40|user|03iPzOPvtq62KBKxo5tZTMAnFED3eiVt
Username41|hhX28|Display Name 41|user|0JMkQTr7gurfiYDnTpL4My5BoOd5Ywnb
Username42|d5qO2|Display Name 42|user|EXRbudjMLvnSulce9CuEhnRJf7cppckS
Username43|6fajk|Display Name 43|admin|soYz7mpLxE39iKL83rbNecVemlMuPohf
Username44|YVUn3|Display Name 44|user|KCtlBXNMhD5ZCAxDJhGrrqx9EWpBs3BI
Username45|CrDLJ|Display Name 45|user|JgqWkPAwTUKdgnEDYpvKa2yMHgYJFopU
Username46|TLeNj|Display Name 46|user|udNR089UhyTWPmrtbB6diSGHou1e8nVb
Username47|Rt3kx|Display Name 47|admin|hP87pbgS9Jb6Tku85ZwWyVLMb8zA0jlh
Username48|jBOXk|Display Name 48|admin|ggzMwpVpIrqWmfY7wHOAmJQekIwG700O
Username49|KfTb1|Display Name 49|user|ZPUxcT4r0rRCgvm58VEWKoahqqWxxHJh
